{
    "2.0": {
        "target": 2.0,
        "best_threshold": "0.54",
        "win_rate": "54.02%",
        "total_trades": 87,
        "wins": 47,
        "losses": 40,
        "net_profit": "7.00",
        "max_drawdown": "-10.00",
        "confidence_bins": {
            "0-40%": {
                "Count": 20,
                "Win_Rate": 45.0
            },
            "40-50%": {
                "Count": 2021,
                "Win_Rate": 49.233052944087085
            },
            "50-60%": {
                "Count": 495,
                "Win_Rate": 48.68686868686869
            },
            "60-70%": {
                "Count": 0,
                "Win_Rate": 0.0
            },
            "70-80%": {
                "Count": 0,
                "Win_Rate": 0.0
            },
            "80-90%": {
                "Count": 0,
                "Win_Rate": 0.0
            },
            "90-100%": {
                "Count": 0,
                "Win_Rate": 0.0
            }
        },
        "streak_analysis": {
            "max_win_streak": 9,
            "max_loss_streak": 5
        },
        "compound_profit": "21.00",
        "target_streak": 5,
        "feature_importance": {
            "vol_squeeze": 41.12841033935547,
            "lag_3": 40.46525001525879,
            "lag_8": 35.73740005493164,
            "rel_str_200": 35.491000175476074,
            "lag_2": 35.020639419555664,
            "lag_6": 34.00658941268921,
            "trend_acceleration": 27.331499576568604,
            "lag_10": 25.751469612121582,
            "lag_1": 25.712220668792725,
            "rol_std_25": 24.232929229736328
        }
    },
    "3.0": {
        "target": 3.0,
        "best_threshold": "0.35",
        "win_rate": "38.90%",
        "total_trades": 694,
        "wins": 270,
        "losses": 424,
        "net_profit": "116.00",
        "max_drawdown": "-23.00",
        "confidence_bins": {
            "0-40%": {
                "Count": 2290,
                "Win_Rate": 32.05240174672489
            },
            "40-50%": {
                "Count": 245,
                "Win_Rate": 39.59183673469388
            },
            "50-60%": {
                "Count": 1,
                "Win_Rate": 100.0
            },
            "60-70%": {
                "Count": 0,
                "Win_Rate": 0.0
            },
            "70-80%": {
                "Count": 0,
                "Win_Rate": 0.0
            },
            "80-90%": {
                "Count": 0,
                "Win_Rate": 0.0
            },
            "90-100%": {
                "Count": 0,
                "Win_Rate": 0.0
            }
        },
        "streak_analysis": {
            "max_win_streak": 8,
            "max_loss_streak": 15
        },
        "compound_profit": "695.00",
        "target_streak": 4,
        "feature_importance": {
            "lag_8": 155.7716097831726,
            "rel_str_15": 137.72462105751038,
            "lag_10": 126.43884181976318,
            "lag_2": 114.6054095029831,
            "rol_mean_15": 111.69164109230042,
            "lag_3": 94.76752018928528,
            "lag_4": 79.34831950068474,
            "games_since_20x": 76.26005935668945,
            "rol_mean_25": 72.73819947242737,
            "trend_acceleration": 72.27174949645996
        }
    },
    "5.0": {
        "target": 5.0,
        "best_threshold": "0.36",
        "win_rate": "47.06%",
        "total_trades": 17,
        "wins": 8,
        "losses": 9,
        "net_profit": "23.00",
        "max_drawdown": "-6.00",
        "confidence_bins": {
            "0-40%": {
                "Count": 2529,
                "Win_Rate": 20.284697508896798
            },
            "40-50%": {
                "Count": 7,
                "Win_Rate": 57.14285714285714
            },
            "50-60%": {
                "Count": 0,
                "Win_Rate": 0.0
            },
            "60-70%": {
                "Count": 0,
                "Win_Rate": 0.0
            },
            "70-80%": {
                "Count": 0,
                "Win_Rate": 0.0
            },
            "80-90%": {
                "Count": 0,
                "Win_Rate": 0.0
            },
            "90-100%": {
                "Count": 0,
                "Win_Rate": 0.0
            }
        },
        "streak_analysis": {
            "max_win_streak": 4,
            "max_loss_streak": 6
        },
        "compound_profit": "115.00",
        "target_streak": 3,
        "feature_importance": {
            "lag_3": 107.55107951164246,
            "games_since_1000x": 93.3386834859848,
            "lag_2": 92.87555074691772,
            "trend_acceleration": 86.25131011009216,
            "lag_5": 83.93788957595825,
            "rol_mean_15": 80.43234944343567,
            "lag_8": 63.43684005737305,
            "rol_std_300": 62.41615927219391,
            "lag_6": 61.6614990234375,
            "games_since_20x": 61.518970251083374
        }
    },
    "10.0": {
        "target": 10.0,
        "best_threshold": "0.25",
        "win_rate": "33.33%",
        "total_trades": 15,
        "wins": 5,
        "losses": 10,
        "net_profit": "35.00",
        "max_drawdown": "-5.00",
        "confidence_bins": {
            "0-40%": {
                "Count": 2536,
                "Win_Rate": 10.449526813880126
            },
            "40-50%": {
                "Count": 0,
                "Win_Rate": 0.0
            },
            "50-60%": {
                "Count": 0,
                "Win_Rate": 0.0
            },
            "60-70%": {
                "Count": 0,
                "Win_Rate": 0.0
            },
            "70-80%": {
                "Count": 0,
                "Win_Rate": 0.0
            },
            "80-90%": {
                "Count": 0,
                "Win_Rate": 0.0
            },
            "90-100%": {
                "Count": 0,
                "Win_Rate": 0.0
            }
        },
        "streak_analysis": {
            "max_win_streak": 1,
            "max_loss_streak": 5
        },
        "compound_profit": "-11.00",
        "target_streak": 2,
        "feature_importance": {
            "lag_10": 125.42453050613403,
            "lag_3": 125.41458164140931,
            "lag_1": 114.0055480003357,
            "trend_acceleration": 108.43732929229736,
            "lag_2": 97.4099619614426,
            "rel_str_15": 79.61270027258433,
            "rol_std_50": 73.11603769339854,
            "rol_std_300": 70.53393983840942,
            "lag_4": 70.46426536305808,
            "rel_str_25": 68.6729363657505
        }
    },
    "20.0": {
        "target": 20.0,
        "best_threshold": "0.11",
        "win_rate": "5.88%",
        "total_trades": 17,
        "wins": 1,
        "losses": 16,
        "net_profit": "3.00",
        "max_drawdown": "-15.00",
        "confidence_bins": {
            "0-40%": {
                "Count": 2536,
                "Win_Rate": 5.244479495268139
            },
            "40-50%": {
                "Count": 0,
                "Win_Rate": 0.0
            },
            "50-60%": {
                "Count": 0,
                "Win_Rate": 0.0
            },
            "60-70%": {
                "Count": 0,
                "Win_Rate": 0.0
            },
            "70-80%": {
                "Count": 0,
                "Win_Rate": 0.0
            },
            "80-90%": {
                "Count": 0,
                "Win_Rate": 0.0
            },
            "90-100%": {
                "Count": 0,
                "Win_Rate": 0.0
            }
        },
        "streak_analysis": {
            "max_win_streak": 1,
            "max_loss_streak": 15
        },
        "compound_profit": "-16.00",
        "target_streak": 2,
        "feature_importance": {
            "rol_mean_15": 75.76874017715454,
            "trend_acceleration": 71.21423935890198,
            "lag_4": 29.97349500656128,
            "lag_3": 27.7217875123024,