{
    "2.0": {
        "target": 2.0,
        "best_threshold": "0.56",
        "win_rate": "57.20%",
        "total_trades": 236,
        "wins": 135,
        "losses": 101,
        "net_profit": "34.00",
        "max_drawdown": "-9.00",
        "confidence_bins": {
            "0-40%": {
                "Count": 64,
                "Win_Rate": 40.625
            },
            "40-50%": {
                "Count": 1463,
                "Win_Rate": 48.87218045112782
            },
            "50-60%": {
                "Count": 985,
                "Win_Rate": 49.84771573604061
            },
            "60-70%": {
                "Count": 24,
                "Win_Rate": 54.166666666666664
            },
            "70-80%": {
                "Count": 0,
                "Win_Rate": 0.0
            },
            "80-90%": {
                "Count": 0,
                "Win_Rate": 0.0
            },
            "90-100%": {
                "Count": 0,
                "Win_Rate": 0.0
            }
        },
        "streak_analysis": {
            "max_win_streak": 10,
            "max_loss_streak": 6
        },
        "feature_importance": {
            "trend_acceleration": 125.68960046768188,
            "lag_8": 76.23244142532349,
            "lag_2": 64.08096170425415,
            "lag_4": 56.833439350128174,
            "rol_mean_300": 53.858559370040894,
            "lag_10": 52.12079954147339,
            "fib_dist_10x": 51.254380226135254,
            "rol_mean_25": 49.75712966918945,
            "vol_squeeze": 49.1292200088501,
            "lag_3": 40.50073957443237
        }
    },
    "3.0": {
        "target": 3.0,
        "best_threshold": "0.46",
        "win_rate": "0.00%",
        "total_trades": 0,
        "wins": 0,
        "losses": 0,
        "net_profit": "0.00",
        "max_drawdown": "0.00",
        "confidence_bins": {
            "0-40%": {
                "Count": 2455,
                "Win_Rate": 32.871690427698574
            },
            "40-50%": {
                "Count": 81,
                "Win_Rate": 30.864197530864196
            },
            "50-60%": {
                "Count": 0,
                "Win_Rate": 0.0
            },
            "60-70%": {
                "Count": 0,
                "Win_Rate": 0.0
            },
            "70-80%": {
                "Count": 0,
                "Win_Rate": 0.0
            },
            "80-90%": {
                "Count": 0,
                "Win_Rate": 0.0
            },
            "90-100%": {
                "Count": 0,
                "Win_Rate": 0.0
            }
        },
        "streak_analysis": {
            "max_win_streak": 0,
            "max_loss_streak": 0
        },
        "feature_importance": {
            "rol_std_25": 38.941988945007324,
            "games_since_100x": 35.71916055679321,
            "lag_8": 27.343259811401367,
            "rol_std_200": 22.26618003845215,
            "fib_dist_10x": 19.807379722595215,
            "lag_2": 19.66493022441864,
            "zigzag_density_5": 18.88159990310669,
            "rol_mean_200": 18.50936985015869,
            "rol_mean_25": 16.326459884643555,
            "rol_mean_300": 16.189870357513428
        }
    },
    "5.0": {
        "target": 5.0,
        "best_threshold": "0.34",
        "win_rate": "34.62%",
        "total_trades": 52,
        "wins": 18,
        "losses": 34,
        "net_profit": "38.00",
        "max_drawdown": "-8.00",
        "confidence_bins": {
            "0-40%": {
                "Count": 2531,
                "Win_Rate": 20.387198735677597
            },
            "40-50%": {
                "Count": 5,
                "Win_Rate": 20.0
            },
            "50-60%": {
                "Count": 0,
                "Win_Rate": 0.0
            },
            "60-70%": {
                "Count": 0,
                "Win_Rate": 0.0
            },
            "70-80%": {
                "Count": 0,
                "Win_Rate": 0.0
            },
            "80-90%": {
                "Count": 0,
                "Win_Rate": 0.0
            },
            "90-100%": {
                "Count": 0,
                "Win_Rate": 0.0
            }
        },
        "streak_analysis": {
            "max_win_streak": 2,
            "max_loss_streak": 8
        },
        "feature_importance": {
            "lag_4": 153.7159502506256,
            "lag_6": 129.63627474568784,
            "lag_2": 122.272789478302,
            "lag_3": 103.56587076187134,
            "rol_mean_15": 101.73311853408813,
            "trend_acceleration": 82.35726022720337,
            "last_recovery_score": 79.14003944396973,
            "rel_str_100": 75.95595458103344,
            "lag_8": 73.79726469516754,
            "vol_squeeze": 72.83719968795776
        }
    },
    "10.0": {
        "target": 10.0,
        "best_threshold": "0.17",
        "win_rate": "17.31%",
        "total_trades": 52,
        "wins": 9,
        "losses": 43,
        "net_profit": "38.00",
        "max_drawdown": "-19.00",
        "confidence_bins": {
            "0-40%": {
                "Count": 2536,
                "Win_Rate": 10.449526813880126
            },
            "40-50%": {
                "Count": 0,
                "Win_Rate": 0.0
            },
            "50-60%": {
                "Count": 0,
                "Win_Rate": 0.0
            },
            "60-70%": {
                "Count": 0,
                "Win_Rate": 0.0
            },
            "70-80%": {
                "Count": 0,
                "Win_Rate": 0.0
            },
            "80-90%": {
                "Count": 0,
                "Win_Rate": 0.0
            },
            "90-100%": {
                "Count": 0,
                "Win_Rate": 0.0
            }
        },
        "streak_analysis": {
            "max_win_streak": 2,
            "max_loss_streak": 19
        },
        "feature_importance": {
            "trend_acceleration": 130.56881952285767,
            "vol_squeeze": 121.9560714519539,
            "rol_mean_25": 119.26115083694458,
            "rol_mean_200": 112.50138068199158,
            "rel_str_15": 106.23452255129814,
            "lag_8": 102.5408826470375,
            "lag_10": 101.94641507416964,
            "rel_str_300": 98.95430687069893,
            "lag_3": 98.35137009620667,
            "lag_4": 91.3720026910305
        }
    },
    "20.0": {
        "target": 20.0,
        "best_threshold": "0.10",
        "win_rate": "15.15%",
        "total_trades": 165,
        "wins": 25,
        "losses": 140,
        "net_profit": "335.00",
        "max_drawdown": "-27.00",
        "confidence_bins": {
            "0-40%": {
                "Count": 2536,
                "Win_Rate": 5.244479495268139
            },
            "40-50%": {
                "Count": 0,
                "Win_Rate": 0.0
            },
            "50-60%": {
                "Count": 0,
                "Win_Rate": 0.0
            },
            "60-70%": {
                "Count": 0,
                "Win_Rate": 0.0
            },
            "70-80%": {
                "Count": 0,
                "Win_Rate": 0.0
            },
            "80-90%": {
                "Count": 0,
                "Win_Rate": 0.0
            },
            "90-100%": {
                "Count": 0,
                "Win_Rate": 0.0
            }
        },
        "streak_analysis": {
            "max_win_streak": 4,
            "max_loss_streak": 27
        },
        "feature_importance": {
            "lag_3": 277.16782684563077,
            "last_recovery_score": 265.854049958376,
            "lag_6": 238.87276655435562,
            "lag_2": 225.10333356261253,
            "lag_1": 221.5388007119618,
            "rel_str_25": 205.1868577671703,
            "lag_9": 204.78288873547172,
            "lag_8": 186.92304470903764,
            "rol_std_15": 186.80358803272247,
            "lag_4": 181.95548939722357
        }
    },