{
    "2.0": {
        "vol_squeeze": 96.31116008758545,
        "lag_6": 79.73842000961304,
        "rol_mean_25": 74.88925123214722,
        "lag_5": 63.00097036361694,
        "lag_2": 50.688199043273926,
        "lag_4": 44.95683002471924,
        "virtual_pool_score": 41.7678599357605,
        "games_since_1000x": 29.819490432739258,
        "time_since_instakill": 28.916460037231445,
        "lag_10": 14.383650302886963
    },
    "3.0": {
        "rol_mean_15": 117.47137081623077,
        "lag_5": 116.143336314708,
        "lag_1": 100.6591454744339,
        "lag_3": 72.3585205078125,
        "rol_mean_50": 59.74085623025894,
        "zigzag_score_10": 31.51358985900879,
        "bait_density_150": 21.130550146102905,
        "fakeout_density_20": 17.477498531341553,
        "gap_std_2x": 0.0,
        "time_since_instakill": 0.0
    },
    "5.0": {
        "rol_mean_15": 221.4239001274109,
        "last_recovery_score": 170.55830907821655,
        "lag_10": 142.47171068191528,
        "trend_slope_5": 117.34633016586304,
        "rel_str_25": 86.78315997123718,
        "rsi_7": 63.02024006843567,
        "gap_std_2x": 52.97564935684204,
        "low_volatility_duration": 0.0,
        "recovery_phase_score": 0.0,
        "lag_4": 0.0
    },
    "10.0": {
        "lag_19": 8561.217664361,
        "lag_11": 7455.57778163068,
        "lag_8": 7171.463904604316,
        "lag_7": 6939.613584239967,
        "lag_20": 6194.649965148419,
        "lag_18": 6105.217925444245,
        "vol_squeeze": 5899.32042055577,
        "games_since_100x": 5523.435399353504,
        "lag_1": 5483.195471247658,
        "session_sentiment": 5061.541208022274
    },
    "20.0": {
        "rol_mean_15": 206.33050537109375,
        "lag_14": 164.5469970703125,
        "macro_cycle_10x": 130.21099853515625,
        "vol_squeeze": 85.6480484008789,
        "lag_5": 30.332300186157227,
        "lag_7": 0.0,
        "lag_3": 0.0,
        "last_recovery_score": 0.0,
        "rel_str_25": 0.0,
        "lag_13": 0.0
    },
    "30.0": {
        "lag_7": 5207.043426348773,
        "rol_mean_25": 5164.811138239934,
        "rel_str_15": 5096.297650396822,
        "last_recovery_score": 5089.781659444512,
        "virtual_pool_score": 4468.668782441898,
        "rol_mean_50": 4427.3113798750755,
        "lag_5": 4378.326021207362,
        "gap_std_2x": 4064.169430155588,
        "macro_cycle_10x": 3926.2880640154194,
        "games_since_10x": 1436.5070770719153
    },
    "40.0": {
        "lag_1": 3336.1998397433817,
        "lag_7": 3280.806002050023,
        "dist_to_50x_profile": 3199.752477213548,
        "lag_4": 3195.5236307842615,
        "rol_mean_10": 3187.867398408233,
        "last_recovery_score": 3147.371862130929,
        "lag_3": 3134.446333837372,
        "lag_8": 3006.008223050747,
        "lag_6": 2993.173049882979,
        "lag_5": 2958.6833468960085
    },
    "50.0": {
        "lag_11": 28494.16545810504,
        "lag_5": 27253.710515615938,
        "lag_1": 24052.43380509119,
        "lag_12": 23980.849574222462,
        "rol_mean_15": 22300.762697372353,
        "lag_17": 22086.582202845253,
        "lag_19": 20587.645825707237,
        "lag_3": 17206.87960093934,
        "lag_13": 16539.04353977344,
        "lag_6": 15701.382790002972
    }
}