{
    "2.0": {
        "rol_mean_25": 65.0021300315857,
        "lag_5": 61.52084994316101,
        "virtual_pool_score": 58.9419310092926,
        "games_since_1000x": 55.896939754486084,
        "lag_2": 52.25906014442444,
        "vol_squeeze": 49.23077034950256,
        "lag_6": 44.987600564956665,
        "lag_4": 39.44563031196594,
        "lag_10": 31.252000093460083,
        "time_since_instakill": 29.40121030807495
    },
    "3.0": {
        "lag_3": 120.81572020053864,
        "rol_mean_50": 101.80550980567932,
        "rol_mean_15": 82.04614055156708,
        "time_since_instakill": 78.8332405090332,
        "lag_1": 77.9482592344284,
        "lag_5": 70.82678985595703,
        "gap_std_2x": 59.46641969680786,
        "bait_density_150": 26.60140037536621,
        "zigzag_score_10": 23.053309679031372,
        "fakeout_density_20": 9.992290139198303
    },
    "5.0": {
        "rel_str_25": 127.88808035850525,
        "last_recovery_score": 96.49236989021301,
        "lag_10": 94.31281018257141,
        "rol_std_50": 89.49920928478241,
        "rsi_7": 81.18004906177521,
        "rol_mean_15": 78.86468005180359,
        "lag_4": 77.36937069892883,
        "gap_std_2x": 65.07001006603241,
        "trend_slope_5": 49.874770641326904,
        "recovery_phase_score": 40.02935981750488
    },
    "10.0": {
        "lag_11": 14596.169776372612,
        "lag_20": 13484.480096613057,
        "lag_7": 12861.434862494469,
        "lag_18": 12569.735079306593,
        "lag_19": 12478.600386488251,
        "vol_squeeze": 11989.374089866877,
        "lag_8": 11765.349975117948,
        "games_since_100x": 11642.812483872287,
        "session_sentiment": 10927.790701293387,
        "time_since_instakill": 9624.242512663826
    },
    "20.0": {
        "vol_squeeze": 5165.9544677734375,
        "rel_str_25": 4266.937517166138,
        "last_recovery_score": 3694.94722366333,
        "lag_5": 2506.856517791748,
        "macro_cycle_10x": 2200.338065624237,
        "rol_mean_15": 1898.1716117858887,
        "lag_13": 1554.4277381896973,
        "lag_14": 1300.8737983703613,
        "lag_7": 0.0,
        "lag_3": 0.0
    },
    "30.0": {
        "lag_7": 281.9239271965198,
        "last_recovery_score": 242.6988962815194,
        "rol_mean_25": 240.0376820214351,
        "gap_std_2x": 225.73763223548303,
        "rel_str_15": 193.36267830863653,
        "rol_mean_50": 189.2082758487777,
        "lag_5": 172.45986283111415,
        "virtual_pool_score": 131.82820702633762,
        "games_since_10x": 114.67408261993842,
        "macro_cycle_10x": 64.27113675214332
    },
    "40.0": {
        "lag_1": 961.6236368590405,
        "lag_7": 854.3031728236045,
        "rol_mean_10": 841.9774165208596,
        "lag_4": 804.5637697193056,
        "lag_6": 780.6848438676459,
        "lag_3": 762.683969390112,
        "last_recovery_score": 720.548465247033,
        "dist_to_50x_profile": 703.9980317480316,
        "lag_5": 623.6485504908633,
        "lag_8": 573.704763769753
    },
    "50.0": {
        "lag_1": 54993.85962513089,
        "rol_mean_15": 45504.403099797666,
        "lag_12": 40102.30681806803,
        "lag_5": 39476.76481479406,
        "lag_19": 33032.819448390976,
        "lag_11": 22548.975794538856,
        "lag_6": 21769.43656229973,
        "lag_13": 18171.81035131216,
        "lag_17": 17879.779013792053,
        "lag_3": 15397.3629155159
    }
}