{
    "2.0": {
        "lag_6": 1139.6463178396225,
        "lag_5": 1067.8885334134102,
        "lag_2": 1041.0147701501846,
        "rel_str_200": 975.4664505720139,
        "rol_mean_25": 962.4613233804703,
        "time_since_instakill": 936.213479757309,
        "lag_4": 903.1544692516327,
        "virtual_pool_score": 901.2746970653534,
        "vol_squeeze": 861.3677043914795,
        "rol_std_25": 730.8674704432487
    },
    "3.0": {
        "rol_mean_15": 66.65326118469238,
        "gap_std_2x": 56.49711990356445,
        "lag_1": 53.1958703994751,
        "lag_5": 31.7111496925354,
        "rsi_7": 30.592119216918945,
        "lag_3": 26.60243034362793,
        "rol_mean_50": 24.363059520721436,
        "fakeout_density_20": 24.200689792633057,
        "bait_density_150": 9.992349624633789,
        "zigzag_score_10": 6.853300094604492
    },
    "5.0": {
        "macro_cycle_10x": 40.50178003311157,
        "rol_mean_15": 37.52717971801758,
        "lag_4": 29.917449951171875,
        "rsi_7": 22.191460132598877,
        "rel_str_25": 21.669388115406036,
        "gap_std_2x": 16.2152202129364,
        "trend_slope_5": 13.584660172462463,
        "last_recovery_score": 13.233260154724121,
        "lag_10": 7.625929832458496,
        "recovery_phase_score": 6.8608598709106445
    },
    "10.0": {
        "lag_19": 225.18809509277344,
        "lag_7": 180.69390106201172,
        "vol_squeeze": 163.4149932861328,
        "lag_11": 134.73800659179688,
        "lag_1": 133.9239959716797,
        "lag_18": 0.0,
        "time_since_instakill": 0.0,
        "lag_8": 0.0,
        "games_since_100x": 0.0,
        "lag_20": 0.0
    },
    "20.0": {
        "lag_5": 2701.299825668335,
        "last_recovery_score": 1036.2772750854492,
        "lag_14": 907.433292388916,
        "rol_mean_15": 640.9660129547119,
        "macro_cycle_10x": 428.56270599365234,
        "lag_7": 0.0,
        "lag_3": 0.0,
        "rel_str_25": 0.0,
        "vol_squeeze": 0.0,
        "lag_13": 0.0
    },
    "30.0": {
        "last_recovery_score": 521.8842757120328,
        "gap_std_2x": 476.92136003613086,
        "rol_mean_25": 455.8203960401006,
        "rel_str_15": 453.16014285502956,
        "rol_mean_50": 448.6404969623636,
        "lag_7": 439.62142773468076,
        "macro_cycle_10x": 408.60821857749033,
        "lag_5": 402.51582531832173,
        "virtual_pool_score": 281.3768321972748,
        "games_since_10x": 141.38147263863266
    },
    "40.0": {
        "lag_6": 326.7601929139346,
        "lag_7": 315.3483492434807,
        "dist_to_50x_profile": 215.27139055728912,
        "lag_5": 208.60775611962617,
        "rol_mean_10": 204.0245928423601,
        "lag_1": 182.29329547437374,
        "lag_4": 126.38569170742994,
        "lag_8": 107.05999335957222,
        "lag_3": 100.53678226005286,
        "last_recovery_score": 67.17648029327393
    },
    "50.0": {
        "lag_1": 68561.302734375,
        "lag_5": 63613.12023925781,
        "lag_12": 42172.65118408203,
        "lag_11": 35103.87683105469,
        "lag_19": 24479.321044921875,
        "lag_6": 0.0,
        "lag_3": 0.0,
        "lag_17": 0.0,
        "rol_mean_15": 0.0,
        "lag_13": 0.0
    }
}