{
    "2.0": {
        "lag_4": 140.942120552063,
        "lag_5": 110.72032022476196,
        "rol_std_25": 95.82987022399902,
        "vol_squeeze": 85.7574691772461,
        "rel_str_200": 73.0971007347107,
        "lag_2": 68.06951999664307,
        "games_since_1000x": 58.07515907287598,
        "virtual_pool_score": 56.20165014266968,
        "rol_mean_25": 0.0,
        "lag_6": 0.0
    },
    "3.0": {
        "rsi_7": 291.09658002853394,
        "rol_mean_50": 277.8949599266052,
        "lag_5": 262.650830745697,
        "time_since_instakill": 224.61921954154968,
        "lag_1": 223.8244092464447,
        "lag_9": 208.27492094039917,
        "rol_mean_15": 199.646151304245,
        "gap_std_2x": 194.993159532547,
        "lag_3": 168.99182081222534,
        "bait_density_150": 70.2150514125824
    },
    "5.0": {
        "rol_mean_15": 163.36800014972687,
        "lag_10": 120.07572738826275,
        "rel_str_25": 119.90179061889648,
        "vol_expansion": 104.47793853282928,
        "rol_std_50": 73.58772873878479,
        "last_recovery_score": 58.85654675960541,
        "macro_cycle_10x": 55.80492949485779,
        "gap_std_2x": 49.58242964744568,
        "lag_4": 0.0,
        "rsi_7": 0.0
    },
    "10.0": {
        "lag_19": 12104.281343402341,
        "lag_20": 10326.991060473258,
        "lag_11": 10120.443662532256,
        "lag_8": 9513.994651693385,
        "lag_7": 9195.994260342675,
        "games_since_100x": 9103.862971469527,
        "lag_1": 9096.188640080683,
        "vol_squeeze": 8516.00288082946,
        "session_sentiment": 7593.787162830355,
        "time_since_instakill": 7070.028756429558
    },
    "20.0": {
        "lag_7": 5422.474275588989,
        "lag_13": 5191.978050231934,
        "lag_14": 3489.801025390625,
        "rol_mean_15": 2638.0159301757812,
        "lag_3": 2416.210319519043,
        "vol_squeeze": 2203.5456161499023,
        "lag_5": 2054.890998840332,
        "last_recovery_score": 1844.7529602050781,
        "macro_cycle_10x": 1799.7538223266602,
        "rel_str_25": 384.86109161376953
    },
    "30.0": {
        "gap_std_2x": 106.1482153236866,
        "rel_str_15": 81.68187847733498,
        "macro_cycle_10x": 65.18349933624268,
        "rol_mean_25": 62.11534881591797,
        "last_recovery_score": 35.867455184459686,
        "lag_5": 30.320943236351017,
        "virtual_pool_score": 27.996689915657043,
        "rol_mean_50": 22.425388157367706,
        "lag_7": 22.27003002166748,
        "games_since_10x": 0.0
    },
    "40.0": {
        "rol_mean_10": 652.5717072623061,
        "lag_4": 626.6101940751978,
        "lag_6": 623.3559607288879,
        "dist_to_50x_profile": 613.6805682827721,
        "lag_1": 578.9279508544159,
        "lag_7": 522.1174946147402,
        "lag_5": 470.01077045794955,
        "last_recovery_score": 469.2576218122863,
        "lag_8": 460.5804013978834,
        "lag_3": 422.2467450689687
    },
    "50.0": {
        "lag_12": 13577.589965820312,
        "rol_mean_15": 10738.52001953125,
        "lag_5": 6025.150146484375,
        "lag_19": 3411.1700439453125,
        "lag_17": 2870.93994140625,
        "lag_11": 1389.2900390625,
        "lag_6": 0.0,
        "lag_3": 0.0,
        "lag_1": 0.0,
        "lag_13": 0.0
    }
}