{
    "2.0": {
        "lag_6": 55.60060977935791,
        "rel_str_200": 54.66354966163635,
        "lag_2": 45.66135025024414,
        "rol_std_25": 44.70630979537964,
        "lag_5": 44.216339111328125,
        "vol_squeeze": 40.42149043083191,
        "lag_4": 34.72535014152527,
        "games_since_1000x": 34.60285973548889,
        "virtual_pool_score": 27.802340030670166,
        "rol_mean_25": 0.0
    },
    "3.0": {
        "lag_3": 169.2657905817032,
        "rol_mean_15": 149.76680970191956,
        "lag_1": 147.3215605393052,
        "lag_9": 124.69644975662231,
        "bait_density_150": 80.80812048912048,
        "time_since_instakill": 73.21768045425415,
        "lag_5": 0.0,
        "gap_std_2x": 0.0,
        "rsi_7": 0.0,
        "rol_mean_50": 0.0
    },
    "5.0": {
        "vol_expansion": 290.0203696489334,
        "rsi_7": 218.1615415364504,
        "rol_std_50": 194.91965919733047,
        "last_recovery_score": 191.072979927063,
        "gap_std_2x": 190.84593975543976,
        "rol_mean_15": 177.76584991673008,
        "macro_cycle_10x": 170.7397496700287,
        "rel_str_25": 170.2881137430668,
        "lag_4": 143.2435487061739,
        "lag_10": 114.10755109786987
    },
    "10.0": {
        "lag_19": 2951.6533737182617,
        "lag_11": 2929.23087310791,
        "games_since_100x": 2875.1971588134766,
        "vol_squeeze": 2443.881103515625,
        "lag_20": 2191.6213912963867,
        "lag_7": 2093.4960021972656,
        "time_since_instakill": 1406.0065841674805,
        "lag_18": 0.0,
        "lag_8": 0.0,
        "lag_1": 0.0
    },
    "20.0": {
        "vol_squeeze": 1738.2014610767365,
        "rol_mean_15": 628.8485870361328,
        "lag_14": 520.3220844268799,
        "lag_5": 257.764196395874,
        "rel_str_25": 183.79459381103516,
        "lag_13": 89.11960029602051,
        "last_recovery_score": 76.1427993774414,
        "macro_cycle_10x": 70.87412881851196,
        "lag_7": 0.0,
        "lag_3": 0.0
    },
    "30.0": {
        "lag_7": 401.18854495657433,
        "rol_mean_25": 381.9862484636251,
        "virtual_pool_score": 321.2641798507084,
        "rol_mean_50": 314.6033279130352,
        "rel_str_15": 291.83156485335985,
        "lag_5": 288.6262899736321,
        "last_recovery_score": 270.4274925675527,
        "gap_std_2x": 205.24285837285515,
        "macro_cycle_10x": 111.55077944368486,
        "games_since_10x": 89.22513385282946
    },
    "40.0": {
        "rol_mean_10": 1949.3907722264937,
        "last_recovery_score": 1901.9530764726464,
        "lag_1": 1812.0567202190045,
        "lag_7": 1807.058778248005,
        "lag_4": 1758.9869232242033,
        "dist_to_50x_profile": 1707.315888138958,
        "lag_6": 1670.5357791710346,
        "lag_5": 1549.419169614027,
        "lag_8": 1502.193368332917,
        "lag_3": 1495.1883338176633
    },
    "50.0": {
        "lag_12": 83394.05005369242,
        "lag_1": 82199.21971839666,
        "lag_11": 74556.50805289927,
        "lag_19": 58238.75320631266,
        "rol_mean_15": 52481.802246470004,
        "lag_6": 49038.07721523382,
        "lag_5": 42840.60785569949,
        "lag_13": 30153.338941613212,
        "lag_3": 27375.49769695662,
        "lag_17": 25900.792627107352
    }
}