{
    "2.0": {
        "lag_5": 17.928629875183105,
        "lag_2": 17.162750244140625,
        "lag_10": 16.508880615234375,
        "vol_squeeze": 15.200289726257324,
        "lag_6": 13.115577101707458,
        "time_since_instakill": 8.8135404586792,
        "zigzag_score_10": 0.0,
        "fakeout_density_20": 0.0,
        "lag_4": 0.0,
        "games_since_1000x": 0.0
    },
    "3.0": {
        "rol_mean_15": 127.83856636285782,
        "rsi_7": 116.82143747806549,
        "lag_1": 104.18993878364563,
        "lag_5": 101.65587949752808,
        "gap_std_2x": 96.61336052417755,
        "rol_mean_50": 73.04945945739746,
        "lag_3": 73.02746057510376,
        "zigzag_score_10": 31.223289966583252,
        "time_since_instakill": 16.71234965324402,
        "fakeout_density_20": 16.67026996612549
    },
    "5.0": {
        "lag_4": 125.34539043903351,
        "lag_10": 124.95724892616272,
        "rsi_7": 111.54866099357605,
        "rol_std_50": 96.67398953437805,
        "last_recovery_score": 90.93008065223694,
        "gap_std_2x": 80.4700996875763,
        "macro_cycle_10x": 80.06772994995117,
        "rol_mean_15": 79.40301084518433,
        "trend_slope_5": 56.36206030845642,
        "rel_str_25": 45.275179624557495
    },
    "10.0": {
        "lag_11": 15525.47386785457,
        "lag_19": 15442.151488118106,
        "games_since_100x": 13649.314358229109,
        "lag_20": 13124.487283704802,
        "lag_18": 12277.732754069759,
        "lag_7": 11991.79084377509,
        "vol_squeeze": 11797.111158541404,
        "time_since_instakill": 10776.852398242801,
        "lag_8": 10634.65593274124,
        "session_sentiment": 10328.930615703714
    },
    "20.0": {
        "last_recovery_score": 1004.3535003662109,
        "rol_mean_15": 861.225004196167,
        "lag_14": 762.2217044830322,
        "macro_cycle_10x": 694.5838050842285,
        "lag_5": 620.3656883239746,
        "vol_squeeze": 348.3640480041504,
        "lag_7": 0.0,
        "lag_3": 0.0,
        "rel_str_25": 0.0,
        "lag_13": 0.0
    },
    "30.0": {
        "rol_mean_50": 331.2210522859732,
        "lag_7": 274.09524295853043,
        "last_recovery_score": 262.792355337878,
        "rol_mean_25": 245.91270485011842,
        "rel_str_15": 236.4996031213641,
        "virtual_pool_score": 164.43440538622963,
        "games_since_10x": 128.6729976090719,
        "gap_std_2x": 91.41308903694153,
        "lag_5": 66.62881602357083,
        "macro_cycle_10x": 56.75685650110245
    },
    "40.0": {
        "rol_mean_10": 2362.3245115148165,
        "lag_6": 2048.2313602789436,
        "lag_1": 2002.6973505031424,
        "lag_4": 1995.4079069543054,
        "last_recovery_score": 1990.432687560323,
        "lag_7": 1935.0481494567666,
        "lag_3": 1864.8875110400832,
        "dist_to_50x_profile": 1851.4542832717925,
        "lag_5": 1713.7978597850797,
        "lag_8": 1640.1024786495973
    },
    "50.0": {
        "lag_5": 44301.67030763626,
        "lag_3": 43985.96992778778,
        "lag_1": 40280.09145736694,
        "lag_11": 38735.863131046295,
        "lag_12": 30322.34019088745,
        "lag_19": 29289.403604507446,
        "lag_17": 28261.90216732025,
        "rol_mean_15": 25218.206045150757,
        "lag_13": 19675.119299411774,
        "lag_6": 17960.401935100555
    }
}