{
    "2.0": {
        "target": 2.0,
        "best_threshold": "0.52",
        "win_rate": "52.28%",
        "total_trades": 241,
        "wins": 126,
        "losses": 115,
        "net_profit": "11.00",
        "max_drawdown": "-20.00",
        "confidence_bins": {
            "0-40%": {
                "Count": 101,
                "Win_Rate": 43.56435643564357
            },
            "40-50%": {
                "Count": 1846,
                "Win_Rate": 49.24160346695558
            },
            "50-60%": {
                "Count": 589,
                "Win_Rate": 49.57555178268252
            },
            "60-70%": {
                "Count": 0,
                "Win_Rate": 0.0
            },
            "70-80%": {
                "Count": 0,
                "Win_Rate": 0.0
            },
            "80-90%": {
                "Count": 0,
                "Win_Rate": 0.0
            },
            "90-100%": {
                "Count": 0,
                "Win_Rate": 0.0
            }
        },
        "streak_analysis": {
            "max_win_streak": 9,
            "max_loss_streak": 7
        },
        "compound_profit": "8.00",
        "target_streak": 5,
        "feature_importance": {
            "lag_2": 53.68903923034668,
            "time_since_instakill": 45.06391978263855,
            "virtual_pool_score": 41.05984020233154,
            "last_recovery_score": 39.59516096115112,
            "lag_5": 39.54729986190796,
            "vol_squeeze": 36.92785978317261,
            "rel_str_25": 35.340320110321045,
            "rel_str_15": 32.54182004928589,
            "lag_3": 27.20260000228882,
            "lag_9": 25.969040393829346
        }
    },
    "3.0": {
        "target": 3.0,
        "best_threshold": "0.35",
        "win_rate": "39.92%",
        "total_trades": 238,
        "wins": 95,
        "losses": 143,
        "net_profit": "47.00",
        "max_drawdown": "-13.00",
        "confidence_bins": {
            "0-40%": {
                "Count": 2515,
                "Win_Rate": 32.80318091451292
            },
            "40-50%": {
                "Count": 21,
                "Win_Rate": 33.33333333333333
            },
            "50-60%": {
                "Count": 0,
                "Win_Rate": 0.0
            },
            "60-70%": {
                "Count": 0,
                "Win_Rate": 0.0
            },
            "70-80%": {
                "Count": 0,
                "Win_Rate": 0.0
            },
            "80-90%": {
                "Count": 0,
                "Win_Rate": 0.0
            },
            "90-100%": {
                "Count": 0,
                "Win_Rate": 0.0
            }
        },
        "streak_analysis": {
            "max_win_streak": 6,
            "max_loss_streak": 9
        },
        "compound_profit": "177.00",
        "target_streak": 4,
        "feature_importance": {
            "lag_5": 40.11414980888367,
            "lag_2": 34.8868293762207,
            "rol_mean_200": 32.50876998901367,
            "trend_acceleration": 31.913739681243896,
            "session_sentiment": 27.981578826904297,
            "lag_3": 27.444980144500732,
            "rel_str_100": 26.890999794006348,
            "rol_mean_25": 23.827789783477783,
            "lag_9": 23.27810001373291,
            "rol_std_100": 19.569679975509644
        }
    },
    "5.0": {
        "target": 5.0,
        "best_threshold": "0.28",
        "win_rate": "50.00%",
        "total_trades": 2,
        "wins": 1,
        "losses": 1,
        "net_profit": "3.00",
        "max_drawdown": "-1.00",
        "confidence_bins": {
            "0-40%": {
                "Count": 2536,
                "Win_Rate": 20.386435331230285
            },
            "40-50%": {
                "Count": 0,
                "Win_Rate": 0.0
            },
            "50-60%": {
                "Count": 0,
                "Win_Rate": 0.0
            },
            "60-70%": {
                "Count": 0,
                "Win_Rate": 0.0
            },
            "70-80%": {
                "Count": 0,
                "Win_Rate": 0.0
            },
            "80-90%": {
                "Count": 0,
                "Win_Rate": 0.0
            },
            "90-100%": {
                "Count": 0,
                "Win_Rate": 0.0
            }
        },
        "streak_analysis": {
            "max_win_streak": 1,
            "max_loss_streak": 1
        },
        "compound_profit": "-1.00",
        "target_streak": 3,
        "feature_importance": {
            "rol_mean_15": 114.85334062576294,
            "lag_9": 98.6337890625,
            "vol_squeeze": 96.42987108230591,
            "lag_2": 95.81851053237915,
            "lag_10": 80.95445108413696,
            "trend_acceleration": 78.40192079544067,
            "rol_mean_25": 67.67916965484619,
            "lag_6": 59.73022937774658,
            "lag_3": 57.124799728393555,
            "rel_str_15": 54.15506982803345
        }
    },
    "10.0": {
        "target": 10.0,
        "best_threshold": "0.17",
        "win_rate": "21.15%",
        "total_trades": 52,
        "wins": 11,
        "losses": 41,
        "net_profit": "58.00",
        "max_drawdown": "-8.00",
        "confidence_bins": {
            "0-40%": {
                "Count": 2536,
                "Win_Rate": 10.449526813880126
            },
            "40-50%": {
                "Count": 0,
                "Win_Rate": 0.0
            },
            "50-60%": {
                "Count": 0,
                "Win_Rate": 0.0
            },
            "60-70%": {
                "Count": 0,
                "Win_Rate": 0.0
            },
            "70-80%": {
                "Count": 0,
                "Win_Rate": 0.0
            },
            "80-90%": {
                "Count": 0,
                "Win_Rate": 0.0
            },
            "90-100%": {
                "Count": 0,
                "Win_Rate": 0.0
            }
        },
        "streak_analysis": {
            "max_win_streak": 3,
            "max_loss_streak": 8
        },
        "compound_profit": "157.00",
        "target_streak": 2,
        "feature_importance": {
            "lag_8": 117.0113205909729,
            "lag_10": 109.1682614282181,
            "lag_7": 95.56927967071533,
            "rol_mean_100": 93.46328067779541,
            "lag_3": 78.05850021808874,
            "lag_6": 73.24822044372559,
            "rel_str_50": 71.0963499546051,
            "rol_std_25": 69.60899090766907,
            "lag_4": 68.42838978767395,
            "macro_cycle_10x": 66.12744937092066
        }
    },
    "20.0": {
        "target": 20.0,
        "best_threshold": "0.11",
        "win_rate": "16.00%",
        "total_trades": 25,
        "wins": 4,
        "losses": 21,
        "net_profit": "55.00",
        "max_drawdown": "-15.00",
        "confidence_bins": {
            "0-40%": {
                "Count": 2536,
                "Win_Rate": 5.244479495268139
            },
            "40-50%": {
                "Count": 0,
                "Win_Rate": 0.0
            },
            "50-60%": {
                "Count": 0,
                "Win_Rate": 0.0
            },
            "60-70%": {
                "Count": 0,
                "Win_Rate": 0.0
            },
            "70-80%": {
                "Count": 0,
                "Win_Rate": 0.0
            },
            "80-90%": {
                "Count": 0,
                "Win_Rate": 0.0
            },
            "90-100%": {
                "Count": 0,
                "Win_Rate": 0.0
            }
        },
        "streak_analysis": {
            "max_win_streak": 2,
            "max_loss_streak": 15
        },
        "compound_profit": "377.00",
        "target_streak": 2,
        "feature_importance": {
            "rel_str_25": 43.57135009765625,
            "time_since_instakill": 34.31516075134277,
            "rel_str_15": 33.08046007156372,