{
    "2.0": {
        "target": 2.0,
        "best_threshold": "0.57",
        "win_rate": "56.52%",
        "total_trades": 23,
        "wins": 13,
        "losses": 10,
        "net_profit": "3.00",
        "max_drawdown": "-7.00",
        "confidence_bins": {
            "0-40%": {
                "Count": 68,
                "Win_Rate": 51.470588235294116
            },
            "40-50%": {
                "Count": 1899,
                "Win_Rate": 49.60505529225908
            },
            "50-60%": {
                "Count": 569,
                "Win_Rate": 47.10017574692443
            },
            "60-70%": {
                "Count": 0,
                "Win_Rate": 0.0
            },
            "70-80%": {
                "Count": 0,
                "Win_Rate": 0.0
            },
            "80-90%": {
                "Count": 0,
                "Win_Rate": 0.0
            },
            "90-100%": {
                "Count": 0,
                "Win_Rate": 0.0
            }
        },
        "streak_analysis": {
            "max_win_streak": 7,
            "max_loss_streak": 7
        },
        "compound_profit": "20.00",
        "target_streak": 5,
        "feature_importance": {
            "lag_4": 60.334919929504395,
            "lag_5": 50.33995008468628,
            "games_since_1000x": 48.03379964828491,
            "rol_mean_25": 45.67014980316162,
            "lag_6": 45.06917953491211,
            "rol_std_25": 43.70576024055481,
            "rel_str_200": 42.09764051437378,
            "lag_10": 41.77531051635742,
            "lag_2": 37.678189277648926,
            "time_since_instakill": 33.621309757232666
        }
    },
    "3.0": {
        "target": 3.0,
        "best_threshold": "0.38",
        "win_rate": "39.00%",
        "total_trades": 100,
        "wins": 39,
        "losses": 61,
        "net_profit": "17.00",
        "max_drawdown": "-10.00",
        "confidence_bins": {
            "0-40%": {
                "Count": 2471,
                "Win_Rate": 32.699312019425335
            },
            "40-50%": {
                "Count": 65,
                "Win_Rate": 36.92307692307693
            },
            "50-60%": {
                "Count": 0,
                "Win_Rate": 0.0
            },
            "60-70%": {
                "Count": 0,
                "Win_Rate": 0.0
            },
            "70-80%": {
                "Count": 0,
                "Win_Rate": 0.0
            },
            "80-90%": {
                "Count": 0,
                "Win_Rate": 0.0
            },
            "90-100%": {
                "Count": 0,
                "Win_Rate": 0.0
            }
        },
        "streak_analysis": {
            "max_win_streak": 6,
            "max_loss_streak": 7
        },
        "compound_profit": "19.00",
        "target_streak": 4,
        "feature_importance": {
            "vol_squeeze": 60.05617952346802,
            "lag_7": 54.712260007858276,
            "lag_9": 53.8613805770874,
            "lag_8": 50.61811017990112,
            "lag_4": 44.904640674591064,
            "rel_str_15": 43.61069917678833,
            "rol_std_15": 40.390170097351074,
            "rol_max_15": 35.67518949508667,
            "lag_6": 35.157219886779785,
            "virtual_pool_score": 31.37703037261963
        }
    },
    "5.0": {
        "target": 5.0,
        "best_threshold": "0.36",
        "win_rate": "0.00%",
        "total_trades": 0,
        "wins": 0,
        "losses": 0,
        "net_profit": "0.00",
        "max_drawdown": "0.00",
        "confidence_bins": {
            "0-40%": {
                "Count": 2536,
                "Win_Rate": 20.386435331230285
            },
            "40-50%": {
                "Count": 0,
                "Win_Rate": 0.0
            },
            "50-60%": {
                "Count": 0,
                "Win_Rate": 0.0
            },
            "60-70%": {
                "Count": 0,
                "Win_Rate": 0.0
            },
            "70-80%": {
                "Count": 0,
                "Win_Rate": 0.0
            },
            "80-90%": {
                "Count": 0,
                "Win_Rate": 0.0
            },
            "90-100%": {
                "Count": 0,
                "Win_Rate": 0.0
            }
        },
        "streak_analysis": {
            "max_win_streak": 0,
            "max_loss_streak": 0
        },
        "compound_profit": "0.00",
        "target_streak": 3,
        "feature_importance": {
            "trend_acceleration": 76.75931978225708,
            "lag_4": 71.81306076049805,
            "lag_7": 57.3838906288147,
            "band_position": 51.586198806762695,
            "vol_squeeze": 50.25618028640747,
            "ema_10": 47.137959480285645,
            "last_recovery_score": 45.57193994522095,
            "rel_str_100": 45.197869300842285,
            "games_since_1000x": 42.86338996887207,
            "lag_6": 42.13587951660156
        }
    },
    "10.0": {
        "target": 10.0,
        "best_threshold": "0.12",
        "win_rate": "15.88%",
        "total_trades": 743,
        "wins": 118,
        "losses": 625,
        "net_profit": "437.00",
        "max_drawdown": "-27.00",
        "confidence_bins": {
            "0-40%": {
                "Count": 2528,
                "Win_Rate": 10.324367088607595
            },
            "40-50%": {
                "Count": 8,
                "Win_Rate": 50.0
            },
            "50-60%": {
                "Count": 0,
                "Win_Rate": 0.0
            },
            "60-70%": {
                "Count": 0,
                "Win_Rate": 0.0
            },
            "70-80%": {
                "Count": 0,
                "Win_Rate": 0.0
            },
            "80-90%": {
                "Count": 0,
                "Win_Rate": 0.0
            },
            "90-100%": {
                "Count": 0,
                "Win_Rate": 0.0
            }
        },
        "streak_analysis": {
            "max_win_streak": 4,
            "max_loss_streak": 27
        },
        "compound_profit": "1454.00",
        "target_streak": 2,
        "feature_importance": {
            "lag_6": 330.9592130573001,
            "lag_9": 270.34291094721993,
            "lag_4": 220.45569597644499,
            "lag_8": 209.2072788476944,
            "lag_2": 201.18886339175515,
            "lag_10": 199.56477850675583,
            "lag_5": 193.74939942359924,
            "games_since_1000x": 183.1577770113945,
            "lag_3": 179.3853485584259,
            "trend_acceleration": 177.01356065273285
        }
    },
    "20.0": {
        "target": 20.0,
        "best_threshold": "0.11",
        "win_rate": "0.00%",
        "total_trades": 0,
        "wins": 0,
        "losses": 0,
        "net_profit": "0.00",
        "max_drawdown": "0.00",
        "confidence_bins": {
            "0-40%": {
                "Count": 2536,
                "Win_Rate": 5.244479495268139
            },
            "40-50%": {
                "Count": 0,
                "Win_Rate": 0.0
            },
            "50-60%": {
                "Count": 0,
                "Win_Rate": 0.0
            },
            "60-70%": {
                "Count": 0,
                "Win_Rate": 0.0
            },
            "70-80%": {
                "Count": 0,
                "Win_Rate": 0.0
            },
            "80-90%": {
                "Count": 0,
                "Win_Rate": 0.0
            },
            "90-100%": {
                "Count": 0,
                "Win_Rate": 0.0
            }
        },
        "streak_analysis": {
            "max_win_streak": 0,
            "max_loss_streak": 0
        },
        "compound_profit": "0.00",
        "target_streak": 2,
        "feature_importance": {
            "lag_3": 49.8828010559082,
            "virtual_pool_score": 35.766629219055176,
            "rol_mean_10": 33.04209899902344,