{
    "2.0": {
        "rel_str_10": 83.4756498336792,
        "lag_10": 81.02244853973389,
        "rol_std_10": 70.8952407836914,
        "trend_acceleration": 66.86050939559937,
        "rol_mean_50": 63.07339954376221,
        "virtual_pool_score": 60.26722002029419,
        "rel_str_15": 60.07543992996216,
        "lag_3": 58.5398588180542,
        "rol_mean_10": 52.522000312805176,
        "games_since_100x": 46.369998931884766
    },
    "3.0": {
        "rel_str_10": 49.51869976520538,
        "lag_7": 45.35551953315735,
        "gap_std_2x": 36.32937049865723,
        "rel_str_100": 34.12045955657959,
        "rol_max_10": 32.94550085067749,
        "rol_max_25": 29.515799522399902,
        "lag_6": 23.338890552520752,
        "rol_mean_300": 22.298269987106323,
        "lag_2": 19.63602924346924,
        "rsi_7": 19.4335994720459
    },
    "5.0": {
        "vol_squeeze": 77.65096044540405,
        "rel_str_15": 57.84568965435028,
        "lag_3": 52.64954948425293,
        "rol_std_25": 52.315720081329346,
        "lag_6": 51.30012094974518,
        "rel_str_100": 42.6616907119751,
        "rel_str_200": 37.60156011581421,
        "games_since_1000x": 35.71242952346802,
        "last_recovery_score": 33.927720069885254,
        "streak_pattern_5": 33.87083959579468
    },
    "10.0": {
        "lag_2": 71.62719964981079,
        "games_since_20x": 61.60390889644623,
        "rtp_gap": 61.015379905700684,
        "lag_1": 55.98583336174489,
        "rsi_7": 51.3428910523653,
        "rel_str_10": 42.5862822830677,
        "games_since_1000x": 42.549360394477844,
        "rol_max_100": 41.26550006866455,
        "lag_10": 41.18558979034424,
        "last_recovery_score": 40.13499927520752
    },
    "20.0": {
        "games_since_10x": 34.90499973297119,
        "lag_8": 26.428359985351562,
        "lag_3": 26.265999794006348,
        "dist_to_10x_profile": 24.09478911757469,
        "time_since_instakill": 18.457509994506836,
        "lag_10": 17.106460571289062,
        "dist_to_50x_profile": 15.667010307312012,
        "rol_std_50": 12.898799896240234,
        "rol_mean_15": 12.301799774169922,
        "rol_max_300": 11.44724988937378
    },
    "30.0": {
        "rol_mean_15": 74.77898907661438,
        "session_sentiment": 44.54570007324219,
        "rol_max_300": 41.93470907211304,
        "rol_mean_200": 41.72604990005493,
        "rel_str_10": 35.64247703552246,
        "games_since_50x": 33.97437047958374,
        "lag_8": 33.161720275878906,
        "rel_str_50": 32.24921941757202,
        "trap_freq_20": 26.12179946899414,
        "rol_max_15": 25.271699905395508
    },
    "40.0": {
        "lag_3": 494.85435457066706,
        "lag_6": 403.9003388386959,
        "lag_5": 402.4524522888878,
        "lag_8": 376.06199727502326,
        "lag_4": 365.31540865066745,
        "rol_mean_15": 334.4283697273954,
        "lag_2": 322.0617446899414,
        "lag_9": 320.40360352831567,
        "trend_acceleration": 312.6402460122763,
        "last_recovery_score": 307.2685267583356
    },
    "50.0": {
        "rol_mean_15": 166.7691489345816,
        "rtp_gap": 122.58827936649323,
        "session_sentiment": 117.10158808896813,
        "lag_8": 115.91064047813416,
        "dist_to_30x_profile": 114.22636484244504,
        "lag_3": 109.79036377863213,
        "lag_1": 105.4371851682663,
        "games_since_50x": 96.34802755613782,
        "dist_to_50x_profile": 95.44281695125392,
        "rel_str_300": 91.56794691085815
    }
}