{
    "2.0": {
        "rel_str_50": 42.856120586395264,
        "rol_mean_10": 41.41718101501465,
        "games_since_50x": 37.885639667510986,
        "last_recovery_score": 37.10155010223389,
        "lag_7": 33.33348989486694,
        "lag_10": 27.97381067276001,
        "virtual_pool_score": 25.04129934310913,
        "rol_max_50": 24.827839851379395,
        "trend_acceleration": 24.436689853668213,
        "time_since_instakill": 23.2479305267334
    },
    "3.0": {
        "lag_1": 36.12270927429199,
        "time_since_instakill": 34.73554039001465,
        "games_since_50x": 29.789899826049805,
        "rol_mean_15": 29.144489765167236,
        "rel_str_25": 28.721500396728516,
        "rsi_7": 26.77110004425049,
        "rel_str_100": 25.348819732666016,
        "lag_6": 23.725760459899902,
        "lag_5": 18.659979820251465,
        "rtp_gap": 15.31470012664795
    },
    "5.0": {
        "trend_acceleration": 68.57553005218506,
        "games_since_10x": 63.51553010940552,
        "rel_str_50": 58.79070997238159,
        "rel_str_15": 58.35767984390259,
        "lag_8": 58.345059871673584,
        "lag_4": 57.766939640045166,
        "games_since_100x": 56.50180912017822,
        "rol_max_10": 55.52169990539551,
        "lag_7": 52.88608932495117,
        "vol_squeeze": 49.579599380493164
    },
    "10.0": {
        "lag_9": 222.08848810195923,
        "lag_4": 201.43564224243164,
        "lag_10": 154.21505999565125,
        "lag_7": 135.78128862380981,
        "rol_mean_15": 135.67379903793335,
        "rtp_gap": 125.47102975845337,
        "lag_2": 118.26969382516108,
        "lag_6": 117.30061864852905,
        "dist_to_10x_profile": 108.37171936035156,
        "dist_to_50x_profile": 107.56523871421814
    },
    "20.0": {
        "rol_mean_300": 25.267200469970703,
        "trend_acceleration": 21.5221004486084,
        "games_since_10x": 21.46380043029785,
        "skewness_50": 16.028969764709473,
        "games_since_20x": 14.047200202941895,
        "rol_mean_15": 13.379400253295898,
        "rol_max_300": 12.122469902038574,
        "lag_10": 11.501999855041504,
        "time_since_instakill": 10.640999794006348,
        "rol_max_25": 10.065099716186523
    },
    "30.0": {
        "lag_4": 447.44675674187124,
        "gap_std_2x": 423.5720531097577,
        "lag_6": 392.26949549845267,
        "lag_5": 364.21658471631906,
        "lag_10": 363.49564324899984,
        "lag_7": 359.9995622630597,
        "lag_9": 359.33841616494055,
        "last_recovery_score": 350.1191086991312,
        "trend_acceleration": 338.59166882972113,
        "lag_2": 336.9255823161093
    },
    "40.0": {
        "lag_6": 76.24440002441406,
        "time_since_instakill": 39.69919967651367,
        "lag_8": 34.071839809417725,
        "dist_to_30x_profile": 30.52259922027588,
        "session_sentiment": 27.518309593200684,
        "games_since_10x": 24.90679931640625,
        "rol_std_50": 20.959689140319824,
        "lag_5": 17.135270357131958,
        "rol_std_15": 16.616500854492188,
        "lag_1": 13.429699897766113
    },
    "50.0": {
        "lag_6": 88.7502498626709,
        "lag_4": 78.59438037872314,
        "rel_str_200": 73.17344760894775,
        "lag_1": 61.596988916397095,
        "rel_str_15": 52.26884984970093,
        "lag_5": 51.40294146537781,
        "lag_3": 51.20439827098744,
        "rel_str_50": 47.27941942214966,
        "rol_mean_25": 47.23487973213196,
        "session_sentiment": 45.75288105010986
    }
}