{
    "2.0": {
        "target": 2.0,
        "best_threshold": "0.41",
        "win_rate": "49.67%",
        "total_trades": 2434,
        "wins": 1209,
        "losses": 1225,
        "net_profit": "-16.00",
        "max_drawdown": "-46.00",
        "confidence_bins": {
            "0-40%": {
                "Count": 95,
                "Win_Rate": 36.84210526315789
            },
            "40-50%": {
                "Count": 2018,
                "Win_Rate": 49.60356788899901
            },
            "50-60%": {
                "Count": 418,
                "Win_Rate": 49.52153110047847
            },
            "60-70%": {
                "Count": 5,
                "Win_Rate": 40.0
            },
            "70-80%": {
                "Count": 0,
                "Win_Rate": 0.0
            },
            "80-90%": {
                "Count": 0,
                "Win_Rate": 0.0
            },
            "90-100%": {
                "Count": 0,
                "Win_Rate": 0.0
            }
        },
        "streak_analysis": {
            "max_win_streak": 11,
            "max_loss_streak": 9
        },
        "compound_profit": "108.00",
        "target_streak": 5,
        "feature_importance": {
            "session_sentiment": 42.46583032608032,
            "vol_expansion_slow": 35.07470989227295,
            "lag_2": 34.256929874420166,
            "virtual_pool_score": 34.131489753723145,
            "lag_3": 32.298869609832764,
            "rol_std_50": 29.15476083755493,
            "time_since_instakill": 29.117289543151855,
            "lag_6": 23.365660667419434,
            "rol_std_15": 22.71869993209839,
            "rol_mean_50": 19.784670114517212
        }
    },
    "3.0": {
        "target": 3.0,
        "best_threshold": "0.37",
        "win_rate": "42.03%",
        "total_trades": 69,
        "wins": 29,
        "losses": 40,
        "net_profit": "18.00",
        "max_drawdown": "-7.00",
        "confidence_bins": {
            "0-40%": {
                "Count": 2536,
                "Win_Rate": 32.80757097791798
            },
            "40-50%": {
                "Count": 0,
                "Win_Rate": 0.0
            },
            "50-60%": {
                "Count": 0,
                "Win_Rate": 0.0
            },
            "60-70%": {
                "Count": 0,
                "Win_Rate": 0.0
            },
            "70-80%": {
                "Count": 0,
                "Win_Rate": 0.0
            },
            "80-90%": {
                "Count": 0,
                "Win_Rate": 0.0
            },
            "90-100%": {
                "Count": 0,
                "Win_Rate": 0.0
            }
        },
        "streak_analysis": {
            "max_win_streak": 4,
            "max_loss_streak": 7
        },
        "compound_profit": "40.00",
        "target_streak": 4,
        "feature_importance": {
            "lag_8": 65.73711013793945,
            "lag_3": 45.70145034790039,
            "trend_acceleration": 30.30675983428955,
            "lag_6": 30.241950511932373,
            "lag_2": 28.772951126098633,
            "virtual_pool_score": 27.68511962890625,
            "rel_str_10": 26.43693971633911,
            "rol_max_200": 24.902400016784668,
            "rol_std_25": 22.860899925231934,
            "rol_std_300": 19.857370376586914
        }
    },
    "5.0": {
        "target": 5.0,
        "best_threshold": "0.30",
        "win_rate": "38.46%",
        "total_trades": 26,
        "wins": 10,
        "losses": 16,
        "net_profit": "24.00",
        "max_drawdown": "-4.00",
        "confidence_bins": {
            "0-40%": {
                "Count": 2536,
                "Win_Rate": 20.386435331230285
            },
            "40-50%": {
                "Count": 0,
                "Win_Rate": 0.0
            },
            "50-60%": {
                "Count": 0,
                "Win_Rate": 0.0
            },
            "60-70%": {
                "Count": 0,
                "Win_Rate": 0.0
            },
            "70-80%": {
                "Count": 0,
                "Win_Rate": 0.0
            },
            "80-90%": {
                "Count": 0,
                "Win_Rate": 0.0
            },
            "90-100%": {
                "Count": 0,
                "Win_Rate": 0.0
            }
        },
        "streak_analysis": {
            "max_win_streak": 3,
            "max_loss_streak": 4
        },
        "compound_profit": "108.00",
        "target_streak": 3,
        "feature_importance": {
            "last_recovery_score": 85.35684061050415,
            "vol_squeeze": 71.94804859161377,
            "lag_4": 57.24441957473755,
            "rol_mean_10": 56.88957977294922,
            "lag_5": 50.8056902885437,
            "vol_expansion_fast": 50.462220191955566,
            "band_position": 48.53157091140747,
            "rol_std_100": 45.10280990600586,
            "lag_10": 44.57620048522949,
            "lag_7": 44.42867946624756
        }
    },
    "10.0": {
        "target": 10.0,
        "best_threshold": "0.16",
        "win_rate": "19.33%",
        "total_trades": 150,
        "wins": 29,
        "losses": 121,
        "net_profit": "140.00",
        "max_drawdown": "-14.00",
        "confidence_bins": {
            "0-40%": {
                "Count": 2536,
                "Win_Rate": 10.449526813880126
            },
            "40-50%": {
                "Count": 0,
                "Win_Rate": 0.0
            },
            "50-60%": {
                "Count": 0,
                "Win_Rate": 0.0
            },
            "60-70%": {
                "Count": 0,
                "Win_Rate": 0.0
            },
            "70-80%": {
                "Count": 0,
                "Win_Rate": 0.0
            },
            "80-90%": {
                "Count": 0,
                "Win_Rate": 0.0
            },
            "90-100%": {
                "Count": 0,
                "Win_Rate": 0.0
            }
        },
        "streak_analysis": {
            "max_win_streak": 4,
            "max_loss_streak": 14
        },
        "compound_profit": "473.00",
        "target_streak": 2,
        "feature_importance": {
            "last_recovery_score": 108.93859779834747,
            "lag_3": 102.71797132492065,
            "band_position": 79.02054023742676,
            "rel_str_15": 78.38826767494902,
            "lag_9": 75.95374917984009,
            "rol_mean_100": 72.3742541228421,
            "lag_8": 69.61661946773529,
            "games_since_50x": 63.378490686416626,
            "vol_squeeze": 62.14383339881897,
            "lag_6": 56.256476509035565
        }
    },
    "20.0": {
        "target": 20.0,
        "best_threshold": "0.10",
        "win_rate": "13.75%",
        "total_trades": 80,
        "wins": 11,
        "losses": 69,
        "net_profit": "140.00",
        "max_drawdown": "-13.00",
        "confidence_bins": {
            "0-40%": {
                "Count": 2536,
                "Win_Rate": 5.244479495268139
            },
            "40-50%": {
                "Count": 0,
                "Win_Rate": 0.0
            },
            "50-60%": {
                "Count": 0,
                "Win_Rate": 0.0
            },
            "60-70%": {
                "Count": 0,
                "Win_Rate": 0.0
            },
            "70-80%": {
                "Count": 0,
                "Win_Rate": 0.0
            },
            "80-90%": {
                "Count": 0,
                "Win_Rate": 0.0
            },
            "90-100%": {
                "Count": 0,
                "Win_Rate": 0.0
            }
        },
        "streak_analysis": {
            "max_win_streak": 2,
            "max_loss_streak": 13
        },
        "compound_profit": "330.00",
        "target_streak": 2,
        "feature_importance": {
            "vol_expansion_fast": 83.34191131591797,
            "time_since_instakill": 62.9729288816452,