{
    "2.0": {
        "session_sentiment": 42.46583032608032,
        "vol_expansion_slow": 35.07470989227295,
        "lag_2": 34.256929874420166,
        "virtual_pool_score": 34.131489753723145,
        "lag_3": 32.298869609832764,
        "rol_std_50": 29.15476083755493,
        "time_since_instakill": 29.117289543151855,
        "lag_6": 23.365660667419434,
        "rol_std_15": 22.71869993209839,
        "rol_mean_50": 19.784670114517212
    },
    "3.0": {
        "lag_8": 65.73711013793945,
        "lag_3": 45.70145034790039,
        "trend_acceleration": 30.30675983428955,
        "lag_6": 30.241950511932373,
        "lag_2": 28.772951126098633,
        "virtual_pool_score": 27.68511962890625,
        "rel_str_10": 26.43693971633911,
        "rol_max_200": 24.902400016784668,
        "rol_std_25": 22.860899925231934,
        "rol_std_300": 19.857370376586914
    },
    "5.0": {
        "last_recovery_score": 85.35684061050415,
        "vol_squeeze": 71.94804859161377,
        "lag_4": 57.24441957473755,
        "rol_mean_10": 56.88957977294922,
        "lag_5": 50.8056902885437,
        "vol_expansion_fast": 50.462220191955566,
        "band_position": 48.53157091140747,
        "rol_std_100": 45.10280990600586,
        "lag_10": 44.57620048522949,
        "lag_7": 44.42867946624756
    },
    "10.0": {
        "last_recovery_score": 108.93859779834747,
        "lag_3": 102.71797132492065,
        "band_position": 79.02054023742676,
        "rel_str_15": 78.38826767494902,
        "lag_9": 75.95374917984009,
        "rol_mean_100": 72.3742541228421,
        "lag_8": 69.61661946773529,
        "games_since_50x": 63.378490686416626,
        "vol_squeeze": 62.14383339881897,
        "lag_6": 56.256476509035565
    },
    "20.0": {
        "vol_expansion_fast": 83.34191131591797,
        "time_since_instakill": 62.9729288816452,
        "rel_str_300": 55.03839027881622,
        "rol_max_15": 46.757569789886475,
        "skewness_50": 41.25201988220215,
        "rel_str_25": 36.82652950286865,
        "lag_1": 35.61362934112549,
        "virtual_pool_score": 34.49187994003296,
        "lag_7": 33.251039028167725,
        "macro_cycle_10x": 31.112669706344604
    },
    "30.0": {
        "vol_expansion_fast": 64.7716007232666,
        "bait_density_150": 47.81489944458008,
        "lag_3": 43.05177068710327,
        "trend_acceleration": 36.04559898376465,
        "lag_5": 31.384969472885132,
        "rel_str_300": 29.026909589767456,
        "time_since_instakill": 26.312299728393555,
        "ema_cross": 24.06760025024414,
        "macro_cycle_10x": 22.040719509124756,
        "lag_10": 20.92485022544861
    },
    "40.0": {
        "ema_25": 56.07619857788086,
        "rol_std_25": 27.854900360107422,
        "rol_mean_15": 26.017000198364258,
        "gap_std_2x": 24.100799560546875,
        "rel_str_50": 22.667499542236328,
        "lag_3": 22.419099807739258,
        "vol_expansion_fast": 22.206059455871582,
        "rol_mean_200": 21.95560073852539,
        "lag_4": 21.272860646247864,
        "lag_9": 17.33609962463379
    },
    "50.0": {
        "lag_1": 37.66999816894531,
        "rol_max_100": 25.47410011291504,
        "games_since_50x": 18.56170082092285,
        "rol_mean_200": 16.28890037536621,
        "games_since_100x": 13.965800285339355,
        "rol_max_10": 12.193499565124512,
        "last_recovery_score": 10.080400466918945,
        "high_x_density_150": 9.779800415039062,
        "rol_max_200": 8.374279975891113,
        "streak_over_2": 7.637539863586426
    }
}