{
    "2.0": {
        "target": 2.0,
        "best_threshold": "0.10",
        "win_rate": "49.09%",
        "total_trades": 2536,
        "wins": 1245,
        "losses": 1291,
        "net_profit": "-46.00",
        "max_drawdown": "-64.00",
        "confidence_bins": {
            "0-40%": {
                "Count": 59,
                "Win_Rate": 47.45762711864407
            },
            "40-50%": {
                "Count": 2126,
                "Win_Rate": 49.48259642521167
            },
            "50-60%": {
                "Count": 351,
                "Win_Rate": 47.008547008547005
            },
            "60-70%": {
                "Count": 0,
                "Win_Rate": 0.0
            },
            "70-80%": {
                "Count": 0,
                "Win_Rate": 0.0
            },
            "80-90%": {
                "Count": 0,
                "Win_Rate": 0.0
            },
            "90-100%": {
                "Count": 0,
                "Win_Rate": 0.0
            }
        },
        "streak_analysis": {
            "max_win_streak": 9,
            "max_loss_streak": 9
        },
        "compound_profit": "104.00",
        "target_streak": 5,
        "feature_importance": {
            "rel_str_50": 42.856120586395264,
            "rol_mean_10": 41.41718101501465,
            "games_since_50x": 37.885639667510986,
            "last_recovery_score": 37.10155010223389,
            "lag_7": 33.33348989486694,
            "lag_10": 27.97381067276001,
            "virtual_pool_score": 25.04129934310913,
            "rol_max_50": 24.827839851379395,
            "trend_acceleration": 24.436689853668213,
            "time_since_instakill": 23.2479305267334
        }
    },
    "3.0": {
        "target": 3.0,
        "best_threshold": "0.47",
        "win_rate": "0.00%",
        "total_trades": 0,
        "wins": 0,
        "losses": 0,
        "net_profit": "0.00",
        "max_drawdown": "0.00",
        "confidence_bins": {
            "0-40%": {
                "Count": 2470,
                "Win_Rate": 32.99595141700405
            },
            "40-50%": {
                "Count": 66,
                "Win_Rate": 25.757575757575758
            },
            "50-60%": {
                "Count": 0,
                "Win_Rate": 0.0
            },
            "60-70%": {
                "Count": 0,
                "Win_Rate": 0.0
            },
            "70-80%": {
                "Count": 0,
                "Win_Rate": 0.0
            },
            "80-90%": {
                "Count": 0,
                "Win_Rate": 0.0
            },
            "90-100%": {
                "Count": 0,
                "Win_Rate": 0.0
            }
        },
        "streak_analysis": {
            "max_win_streak": 0,
            "max_loss_streak": 0
        },
        "compound_profit": "0.00",
        "target_streak": 4,
        "feature_importance": {
            "lag_1": 36.12270927429199,
            "time_since_instakill": 34.73554039001465,
            "games_since_50x": 29.789899826049805,
            "rol_mean_15": 29.144489765167236,
            "rel_str_25": 28.721500396728516,
            "rsi_7": 26.77110004425049,
            "rel_str_100": 25.348819732666016,
            "lag_6": 23.725760459899902,
            "lag_5": 18.659979820251465,
            "rtp_gap": 15.31470012664795
        }
    },
    "5.0": {
        "target": 5.0,
        "best_threshold": "0.32",
        "win_rate": "0.00%",
        "total_trades": 0,
        "wins": 0,
        "losses": 0,
        "net_profit": "0.00",
        "max_drawdown": "0.00",
        "confidence_bins": {
            "0-40%": {
                "Count": 2536,
                "Win_Rate": 20.386435331230285
            },
            "40-50%": {
                "Count": 0,
                "Win_Rate": 0.0
            },
            "50-60%": {
                "Count": 0,
                "Win_Rate": 0.0
            },
            "60-70%": {
                "Count": 0,
                "Win_Rate": 0.0
            },
            "70-80%": {
                "Count": 0,
                "Win_Rate": 0.0
            },
            "80-90%": {
                "Count": 0,
                "Win_Rate": 0.0
            },
            "90-100%": {
                "Count": 0,
                "Win_Rate": 0.0
            }
        },
        "streak_analysis": {
            "max_win_streak": 0,
            "max_loss_streak": 0
        },
        "compound_profit": "0.00",
        "target_streak": 3,
        "feature_importance": {
            "trend_acceleration": 68.57553005218506,
            "games_since_10x": 63.51553010940552,
            "rel_str_50": 58.79070997238159,
            "rel_str_15": 58.35767984390259,
            "lag_8": 58.345059871673584,
            "lag_4": 57.766939640045166,
            "games_since_100x": 56.50180912017822,
            "rol_max_10": 55.52169990539551,
            "lag_7": 52.88608932495117,
            "vol_squeeze": 49.579599380493164
        }
    },
    "10.0": {
        "target": 10.0,
        "best_threshold": "0.16",
        "win_rate": "19.64%",
        "total_trades": 275,
        "wins": 54,
        "losses": 221,
        "net_profit": "265.00",
        "max_drawdown": "-23.00",
        "confidence_bins": {
            "0-40%": {
                "Count": 2535,
                "Win_Rate": 10.414201183431953
            },
            "40-50%": {
                "Count": 1,
                "Win_Rate": 100.0
            },
            "50-60%": {
                "Count": 0,
                "Win_Rate": 0.0
            },
            "60-70%": {
                "Count": 0,
                "Win_Rate": 0.0
            },
            "70-80%": {
                "Count": 0,
                "Win_Rate": 0.0
            },
            "80-90%": {
                "Count": 0,
                "Win_Rate": 0.0
            },
            "90-100%": {
                "Count": 0,
                "Win_Rate": 0.0
            }
        },
        "streak_analysis": {
            "max_win_streak": 4,
            "max_loss_streak": 23
        },
        "compound_profit": "768.00",
        "target_streak": 2,
        "feature_importance": {
            "lag_9": 222.08848810195923,
            "lag_4": 201.43564224243164,
            "lag_10": 154.21505999565125,
            "lag_7": 135.78128862380981,
            "rol_mean_15": 135.67379903793335,
            "rtp_gap": 125.47102975845337,
            "lag_2": 118.26969382516108,
            "lag_6": 117.30061864852905,
            "dist_to_10x_profile": 108.37171936035156,
            "dist_to_50x_profile": 107.56523871421814
        }
    },
    "20.0": {
        "target": 20.0,
        "best_threshold": "0.10",
        "win_rate": "0.00%",
        "total_trades": 0,
        "wins": 0,
        "losses": 0,
        "net_profit": "0.00",
        "max_drawdown": "0.00",
        "confidence_bins": {
            "0-40%": {
                "Count": 2536,
                "Win_Rate": 5.244479495268139
            },
            "40-50%": {
                "Count": 0,
                "Win_Rate": 0.0
            },
            "50-60%": {
                "Count": 0,
                "Win_Rate": 0.0
            },
            "60-70%": {
                "Count": 0,
                "Win_Rate": 0.0
            },
            "70-80%": {
                "Count": 0,
                "Win_Rate": 0.0
            },
            "80-90%": {
                "Count": 0,
                "Win_Rate": 0.0
            },
            "90-100%": {
                "Count": 0,
                "Win_Rate": 0.0
            }
        },
        "streak_analysis": {
            "max_win_streak": 0,
            "max_loss_streak": 0
        },
        "compound_profit": "0.00",
        "target_streak": 2,
        "feature_importance": {
            "rol_mean_300": 25.267200469970703,
            "trend_acceleration": 21.5221004486084,