{
    "2.0": {
        "rtp_gap": 45.44804000854492,
        "rel_str_100": 36.94356966018677,
        "rel_str_50": 36.34359931945801,
        "lag_3": 35.85017919540405,
        "rol_std_50": 33.25496053695679,
        "rol_std_10": 33.11995887756348,
        "lag_4": 32.54083061218262,
        "rel_str_10": 31.99942970275879,
        "lag_6": 27.390900135040283,
        "lag_2": 26.644349575042725
    },
    "3.0": {
        "gap_std_2x": 87.0167908668518,
        "time_since_instakill": 56.69266986846924,
        "rel_str_25": 53.57631015777588,
        "lag_7": 50.26516008377075,
        "virtual_pool_score": 43.40872895717621,
        "lag_8": 35.420610189437866,
        "rol_std_10": 33.06116008758545,
        "rol_mean_15": 31.396599769592285,
        "rsi_7": 28.01844024658203,
        "games_since_50x": 26.962950706481934
    },
    "5.0": {
        "band_position": 60.06230068206787,
        "time_since_instakill": 54.64111137390137,
        "lag_5": 49.4175500869751,
        "gap_std_2x": 44.501909494400024,
        "lag_8": 41.78105068206787,
        "rol_mean_50": 41.25481033325195,
        "lag_6": 40.97059965133667,
        "lag_4": 40.69464921951294,
        "rel_str_10": 40.089499831199646,
        "vol_expansion_fast": 29.245669841766357
    },
    "10.0": {
        "gap_std_2x": 77.3148512840271,
        "lag_5": 38.33129423856735,
        "bait_density_150": 37.033419370651245,
        "rel_str_15": 35.82343006134033,
        "lag_1": 33.99041938781738,
        "rel_str_10": 33.1077995300293,
        "lag_8": 30.155839443206787,
        "lag_3": 28.38289976119995,
        "rtp_gap": 26.103500366210938,
        "macro_cycle_10x": 24.697999954223633
    },
    "20.0": {
        "lag_7": 76.87030959129333,
        "rsi_7": 61.499979972839355,
        "rol_std_25": 57.01056957244873,
        "games_since_50x": 51.52721118927002,
        "lag_5": 50.4740104675293,
        "lag_2": 40.42929935455322,
        "rol_mean_10": 38.43283939361572,
        "rol_max_200": 37.73499011993408,
        "macro_cycle_10x": 34.914364217198454,
        "rol_mean_25": 34.910130739212036
    },
    "30.0": {
        "lag_4": 325.38549411296844,
        "lag_6": 251.82263823279936,
        "lag_2": 239.31879959243815,
        "lag_10": 233.03647441424255,
        "lag_3": 203.77591619199666,
        "rol_mean_200": 182.37226180429207,
        "lag_5": 181.93905565151363,
        "rel_str_10": 181.86639470947557,
        "band_position": 145.4192196004442,
        "rel_str_25": 144.44821680692257
    },
    "40.0": {
        "lag_6": 46.57924032211304,
        "lag_9": 35.239601135253906,
        "vol_squeeze": 28.665800094604492,
        "skewness_50": 23.8981990814209,
        "ema_10": 19.255599975585938,
        "rsi_7": 17.74215030670166,
        "rol_std_300": 16.711299896240234,
        "rol_mean_10": 16.665929794311523,
        "virtual_pool_score": 15.588700294494629,
        "session_sentiment": 14.066390037536621
    },
    "50.0": {
        "rol_mean_15": 63.34430906176567,
        "games_since_100x": 57.831732877871445,
        "virtual_pool_score": 57.685019969940186,
        "skewness_50": 56.607284412384615,
        "rel_str_200": 56.56849956512451,
        "lag_10": 49.178308725357056,
        "high_x_density_150": 39.3146300607732,
        "lag_3": 36.568989753723145,
        "lag_8": 33.11269998550415,
        "lag_1": 31.16414976119995
    }
}