{
    "2.0": {
        "lag_5": 76.09066963195801,
        "vol_expansion": 71.41596984863281,
        "rel_str_50": 64.69937944412231,
        "lag_3": 62.13394844532013,
        "lag_2": 56.2593994140625,
        "session_sentiment": 55.10310888290405,
        "rel_str_10": 52.97637057304382,
        "rol_mean_50": 51.62202978134155,
        "rol_mean_25": 42.31453037261963,
        "rel_str_200": 41.85588979721069
    },
    "3.0": {
        "lag_5": 56.495829582214355,
        "gap_std_2x": 50.922510862350464,
        "time_since_instakill": 48.6002402305603,
        "lag_1": 39.851439476013184,
        "rol_mean_15": 36.839900970458984,
        "rsi_7": 35.25157022476196,
        "lag_3": 34.395909786224365,
        "lag_9": 33.94599008560181,
        "bait_density_150": 32.45068979263306,
        "rol_mean_50": 31.286180019378662
    },
    "5.0": {
        "lag_4": 59.87085962295532,
        "rsi_7": 50.84313917160034,
        "lag_10": 45.09754037857056,
        "rol_std_50": 43.56049919128418,
        "last_recovery_score": 42.314101219177246,
        "vol_expansion": 38.09409952163696,
        "macro_cycle_10x": 35.85308027267456,
        "rol_mean_15": 34.22551107406616,
        "rel_str_25": 33.62135934829712,
        "gap_std_2x": 32.01171016693115
    },
    "10.0": {
        "lag_6": 78.22100973129272,
        "lag_3": 71.28156018257141,
        "vol_squeeze": 65.37289905548096,
        "last_recovery_score": 60.81485399231315,
        "session_sentiment": 58.668989062309265,
        "band_position": 54.42366886138916,
        "rel_str_15": 53.18778038024902,
        "lag_4": 52.1541702747345,
        "gap_std_2x": 48.594608783721924,
        "ema_25": 44.39169883728027
    },
    "20.0": {
        "streak_pattern_3": 25.891599655151367,
        "skewness_50": 20.051700592041016,
        "vol_expansion": 17.321300506591797,
        "dist_to_10x_profile": 14.890600204467773,
        "lag_3": 14.463500022888184,
        "dist_to_20x_profile": 12.44279956817627,
        "games_since_10x": 9.670809745788574,
        "games_since_1000x": 9.52295970916748,
        "rel_str_100": 8.434040069580078,
        "pain_density_20": 8.29265022277832
    },
    "30.0": {
        "macro_cycle_10x": 48.83370018005371,
        "lag_5": 39.59364032745361,
        "gap_std_2x": 35.92251968383789,
        "rol_mean_50": 31.552699089050293,
        "rol_mean_25": 30.78508996963501,
        "games_since_10x": 29.545400619506836,
        "last_recovery_score": 28.380399703979492,
        "rel_str_15": 25.77829933166504,
        "lag_7": 24.798690795898438,
        "virtual_pool_score": 22.870699882507324
    },
    "40.0": {
        "lag_6": 172.2800224952989,
        "lag_5": 167.56809729337692,
        "time_since_instakill": 167.0720204114914,
        "lag_8": 142.81678867340088,
        "lag_3": 134.1340789794922,
        "lag_4": 121.73245048522949,
        "games_since_50x": 96.07696950435638,
        "rol_std_10": 91.45750141143799,
        "dist_to_10x_profile": 87.04576063156128,
        "lag_2": 83.9652099609375
    },
    "50.0": {
        "dist_to_10x_profile": 29.946399688720703,
        "games_since_50x": 12.405200004577637,
        "trend_acceleration": 7.596630096435547,
        "lag_1": 0.0,
        "bait_density_150": 0.0,
        "rol_std_300": 0.0,
        "rol_max_300": 0.0,
        "rel_str_300": 0.0,
        "streak_under_2": 0.0,
        "streak_over_2": 0.0
    }
}