{
    "50.0": {
        "target": 50.0,
        "best_threshold": "0.13",
        "win_rate": "21.43%",
        "total_trades": 14,
        "wins": 3,
        "losses": 11,
        "net_profit": "136.00",
        "max_drawdown": "-6.00",
        "confidence_bins": {
            "0-40%": {
                "Count": 2536,
                "Win_Rate": 2.168769716088328
            },
            "40-50%": {
                "Count": 0,
                "Win_Rate": 0.0
            },
            "50-60%": {
                "Count": 0,
                "Win_Rate": 0.0
            },
            "60-70%": {
                "Count": 0,
                "Win_Rate": 0.0
            },
            "70-80%": {
                "Count": 0,
                "Win_Rate": 0.0
            },
            "80-90%": {
                "Count": 0,
                "Win_Rate": 0.0
            },
            "90-100%": {
                "Count": 0,
                "Win_Rate": 0.0
            }
        },
        "streak_analysis": {
            "max_win_streak": 1,
            "max_loss_streak": 6
        },
        "compound_profit": "-11.00",
        "target_streak": 2,
        "feature_importance": {
            "gap_std_2x": 36.56166982650757,
            "trend_acceleration": 30.538560390472412,
            "rol_max_10": 30.524403544460256,
            "streak_pattern_5": 29.92986011505127,
            "last_recovery_score": 27.439809799194336,
            "high_x_density_150": 23.55754249119491,
            "rol_max_25": 23.473559856414795,
            "time_since_instakill": 19.132458110078005,
            "vol_expansion_fast": 19.121620178222656,
            "rel_str_200": 18.871266335248947
        }
    }
}