{
    "2.0": {
        "target": 2.0,
        "best_threshold": "0.54",
        "win_rate": "0.00%",
        "total_trades": 0,
        "wins": 0,
        "losses": 0,
        "net_profit": "0.00",
        "max_drawdown": "0.00",
        "confidence_bins": {
            "0-40%": {
                "Count": 0,
                "Win_Rate": 0.0
            },
            "40-50%": {
                "Count": 2262,
                "Win_Rate": 49.38107869142352
            },
            "50-60%": {
                "Count": 274,
                "Win_Rate": 46.715328467153284
            },
            "60-70%": {
                "Count": 0,
                "Win_Rate": 0.0
            },
            "70-80%": {
                "Count": 0,
                "Win_Rate": 0.0
            },
            "80-90%": {
                "Count": 0,
                "Win_Rate": 0.0
            },
            "90-100%": {
                "Count": 0,
                "Win_Rate": 0.0
            }
        },
        "streak_analysis": {
            "max_win_streak": 0,
            "max_loss_streak": 0
        },
        "compound_profit": "0.00",
        "target_streak": 5,
        "feature_importance": {
            "rtp_gap": 45.44804000854492,
            "rel_str_100": 36.94356966018677,
            "rel_str_50": 36.34359931945801,
            "lag_3": 35.85017919540405,
            "rol_std_50": 33.25496053695679,
            "rol_std_10": 33.11995887756348,
            "lag_4": 32.54083061218262,
            "rel_str_10": 31.99942970275879,
            "lag_6": 27.390900135040283,
            "lag_2": 26.644349575042725
        }
    },
    "3.0": {
        "target": 3.0,
        "best_threshold": "0.34",
        "win_rate": "40.81%",
        "total_trades": 370,
        "wins": 151,
        "losses": 219,
        "net_profit": "83.00",
        "max_drawdown": "-27.00",
        "confidence_bins": {
            "0-40%": {
                "Count": 2429,
                "Win_Rate": 32.72951832029642
            },
            "40-50%": {
                "Count": 107,
                "Win_Rate": 34.57943925233645
            },
            "50-60%": {
                "Count": 0,
                "Win_Rate": 0.0
            },
            "60-70%": {
                "Count": 0,
                "Win_Rate": 0.0
            },
            "70-80%": {
                "Count": 0,
                "Win_Rate": 0.0
            },
            "80-90%": {
                "Count": 0,
                "Win_Rate": 0.0
            },
            "90-100%": {
                "Count": 0,
                "Win_Rate": 0.0
            }
        },
        "streak_analysis": {
            "max_win_streak": 8,
            "max_loss_streak": 9
        },
        "compound_profit": "501.00",
        "target_streak": 4,
        "feature_importance": {
            "gap_std_2x": 87.0167908668518,
            "time_since_instakill": 56.69266986846924,
            "rel_str_25": 53.57631015777588,
            "lag_7": 50.26516008377075,
            "virtual_pool_score": 43.40872895717621,
            "lag_8": 35.420610189437866,
            "rol_std_10": 33.06116008758545,
            "rol_mean_15": 31.396599769592285,
            "rsi_7": 28.01844024658203,
            "games_since_50x": 26.962950706481934
        }
    },
    "5.0": {
        "target": 5.0,
        "best_threshold": "0.34",
        "win_rate": "0.00%",
        "total_trades": 0,
        "wins": 0,
        "losses": 0,
        "net_profit": "0.00",
        "max_drawdown": "0.00",
        "confidence_bins": {
            "0-40%": {
                "Count": 2536,
                "Win_Rate": 20.386435331230285
            },
            "40-50%": {
                "Count": 0,
                "Win_Rate": 0.0
            },
            "50-60%": {
                "Count": 0,
                "Win_Rate": 0.0
            },
            "60-70%": {
                "Count": 0,
                "Win_Rate": 0.0
            },
            "70-80%": {
                "Count": 0,
                "Win_Rate": 0.0
            },
            "80-90%": {
                "Count": 0,
                "Win_Rate": 0.0
            },
            "90-100%": {
                "Count": 0,
                "Win_Rate": 0.0
            }
        },
        "streak_analysis": {
            "max_win_streak": 0,
            "max_loss_streak": 0
        },
        "compound_profit": "0.00",
        "target_streak": 3,
        "feature_importance": {
            "band_position": 60.06230068206787,
            "time_since_instakill": 54.64111137390137,
            "lag_5": 49.4175500869751,
            "gap_std_2x": 44.501909494400024,
            "lag_8": 41.78105068206787,
            "rol_mean_50": 41.25481033325195,
            "lag_6": 40.97059965133667,
            "lag_4": 40.69464921951294,
            "rel_str_10": 40.089499831199646,
            "vol_expansion_fast": 29.245669841766357
        }
    },
    "10.0": {
        "target": 10.0,
        "best_threshold": "0.10",
        "win_rate": "12.05%",
        "total_trades": 921,
        "wins": 111,
        "losses": 810,
        "net_profit": "189.00",
        "max_drawdown": "-45.00",
        "confidence_bins": {
            "0-40%": {
                "Count": 2536,
                "Win_Rate": 10.449526813880126
            },
            "40-50%": {
                "Count": 0,
                "Win_Rate": 0.0
            },
            "50-60%": {
                "Count": 0,
                "Win_Rate": 0.0
            },
            "60-70%": {
                "Count": 0,
                "Win_Rate": 0.0
            },
            "70-80%": {
                "Count": 0,
                "Win_Rate": 0.0
            },
            "80-90%": {
                "Count": 0,
                "Win_Rate": 0.0
            },
            "90-100%": {
                "Count": 0,
                "Win_Rate": 0.0
            }
        },
        "streak_analysis": {
            "max_win_streak": 3,
            "max_loss_streak": 34
        },
        "compound_profit": "477.00",
        "target_streak": 2,
        "feature_importance": {
            "gap_std_2x": 77.3148512840271,
            "lag_5": 38.33129423856735,
            "bait_density_150": 37.033419370651245,
            "rel_str_15": 35.82343006134033,
            "lag_1": 33.99041938781738,
            "rel_str_10": 33.1077995300293,
            "lag_8": 30.155839443206787,
            "lag_3": 28.38289976119995,
            "rtp_gap": 26.103500366210938,
            "macro_cycle_10x": 24.697999954223633
        }
    },
    "20.0": {
        "target": 20.0,
        "best_threshold": "0.10",
        "win_rate": "10.79%",
        "total_trades": 139,
        "wins": 15,
        "losses": 124,
        "net_profit": "161.00",
        "max_drawdown": "-22.00",
        "confidence_bins": {
            "0-40%": {
                "Count": 2535,
                "Win_Rate": 5.2465483234714005
            },
            "40-50%": {
                "Count": 1,
                "Win_Rate": 0.0
            },
            "50-60%": {
                "Count": 0,
                "Win_Rate": 0.0
            },
            "60-70%": {
                "Count": 0,
                "Win_Rate": 0.0
            },
            "70-80%": {
                "Count": 0,
                "Win_Rate": 0.0
            },
            "80-90%": {
                "Count": 0,
                "Win_Rate": 0.0
            },
            "90-100%": {
                "Count": 0,
                "Win_Rate": 0.0
            }
        },
        "streak_analysis": {
            "max_win_streak": 2,
            "max_loss_streak": 22
        },
        "compound_profit": "275.00",
        "target_streak": 2,
        "feature_importance": {
            "lag_7": 76.87030959129333,
            "rsi_7": 61.499979972839355,
            "rol_std_25": 57.01056957244873,
            "games_since_50x": 51.52721118927002,