{
    "2.0": {
        "lag_2": 53.637139320373535,
        "lag_6": 48.04622983932495,
        "vol_squeeze": 45.76245069503784,
        "rol_std_25": 36.457820415496826,
        "lag_4": 35.517169713974,
        "time_since_instakill": 31.85148048400879,
        "rel_str_200": 31.047459840774536,
        "lag_10": 28.330259323120117,
        "lag_5": 27.33899974822998,
        "virtual_pool_score": 23.129779815673828
    },
    "3.0": {
        "rsi_7": 119.43438959121704,
        "lag_3": 95.88587951660156,
        "lag_1": 92.58155071735382,
        "rol_mean_15": 83.14816045761108,
        "time_since_instakill": 67.08597016334534,
        "lag_9": 58.41862964630127,
        "bait_density_150": 24.67518973350525,
        "lag_5": 0.0,
        "gap_std_2x": 0.0,
        "rol_mean_50": 0.0
    },
    "5.0": {
        "rel_str_25": 238.06726002693176,
        "rol_mean_15": 224.5727574825287,
        "lag_10": 158.18911957740784,
        "last_recovery_score": 142.99960923194885,
        "rol_std_50": 114.81226944923401,
        "lag_4": 0.0,
        "rsi_7": 0.0,
        "vol_expansion": 0.0,
        "macro_cycle_10x": 0.0,
        "gap_std_2x": 0.0
    },
    "10.0": {
        "lag_11": 13790.309044837952,
        "lag_19": 13213.792217977345,
        "lag_1": 13017.265791147947,
        "lag_8": 12598.361409856007,
        "lag_7": 12497.721486210823,
        "games_since_100x": 12413.798364115879,
        "lag_18": 11905.998238369823,
        "session_sentiment": 11499.03767906595,
        "lag_20": 11455.433422923088,
        "vol_squeeze": 11350.97747759521
    },
    "20.0": {
        "lag_7": 6720.155082702637,
        "lag_13": 6510.997886657715,
        "lag_3": 5546.628135681152,
        "vol_squeeze": 5452.126953125,
        "lag_14": 3399.0751762390137,
        "lag_5": 3221.5320434570312,
        "macro_cycle_10x": 2825.292655944824,
        "rel_str_25": 2175.2065811157227,
        "rol_mean_15": 1698.2930374145508,
        "last_recovery_score": 1133.0714111328125
    },
    "30.0": {
        "rol_mean_25": 147.10066032409668,
        "lag_7": 119.8102810382843,
        "rel_str_15": 111.62052094936371,
        "rol_mean_50": 111.11366033554077,
        "gap_std_2x": 82.09183943271637,
        "games_since_10x": 73.93379878997803,
        "last_recovery_score": 64.09254932403564,
        "virtual_pool_score": 58.08825957775116,
        "lag_5": 36.73795032501221,
        "macro_cycle_10x": 0.0
    },
    "40.0": {
        "lag_1": 349.38618963048884,
        "lag_5": 282.55575462662546,
        "rol_mean_10": 246.44616080920605,
        "lag_7": 235.29046296406887,
        "lag_6": 214.85925911523555,
        "lag_4": 206.54765951633453,
        "lag_8": 192.84627395442294,
        "dist_to_50x_profile": 184.6507562821098,
        "lag_3": 158.09960346984735,
        "last_recovery_score": 85.84604310793657
    },
    "50.0": {
        "lag_3": 16674.960205078125,
        "rol_mean_15": 12298.900390625,
        "lag_17": 2773.9100341796875,
        "lag_5": 2405.639892578125,
        "lag_12": 1691.469970703125,
        "lag_6": 0.0,
        "lag_11": 0.0,
        "lag_19": 0.0,
        "lag_1": 0.0,
        "lag_13": 0.0
    }
}